Fold Index,Class,Probability
0,2,0.6470588235294118
0,4,0.35294117647058826
